ID,Person,Survey_Type,Score,Comment,Permalink,Created_At,Updated_At
124746053,610912155,nps,6,,https://app.delighted.com/r/Q7bTn64ygCBwgZw2PgVMAyipXwSEPhqc,05/07/2020 17:45:36,05/07/2020 17:46:49
124746082,610912199,nps,1,,https://app.delighted.com/r/PSevLC3RElI2uDUZ38TlOp7bv8m9ouRA,05/07/2020 17:45:46,05/07/2020 17:46:55
124746088,610912211,nps,0,,https://app.delighted.com/r/ON0NZix3Q2h7u9nXBJWHAHNFUTRZ0MoX,05/07/2020 17:45:48,05/07/2020 17:47:08
124746156,610912304,nps,8,,https://app.delighted.com/r/jLqUHG0vwtxfu2scLr0QuYvy4uPAtzHo,05/07/2020 17:46:00,05/07/2020 17:47:09
124746200,610912327,nps,10,,https://app.delighted.com/r/px8SYjyfDD1LIeMbbchixfAPb2EVPqMd,05/07/2020 17:46:12,05/07/2020 17:46:12
124746213,610912360,nps,9,,https://app.delighted.com/r/5ET3RuPE5adJNgxAc2pCTStv9qyJdlrE,05/07/2020 17:46:14,05/07/2020 17:47:30
124746232,610912401,nps,1,,https://app.delighted.com/r/ImEzxu3FwRrpmr2d4RSHO7FxNW44ZCdZ,05/07/2020 17:46:18,05/07/2020 17:47:27
124746244,610912449,nps,7,,https://app.delighted.com/r/YQUl6rq4qwHUtSofgO2Li9gWwTlBJdsY,05/07/2020 17:46:19,05/07/2020 18:00:25
124746351,610912512,nps,0,,https://app.delighted.com/r/iL6ifXRHpldBDc6j15juWxmyksxKcqsz,05/07/2020 17:46:40,05/07/2020 17:47:55
124746360,610912560,nps,10,,https://app.delighted.com/r/fG5NLaLyJCCOTrwLTuqRf8XCk9CJfVHJ,05/07/2020 17:46:41,05/07/2020 17:46:41
124746452,610912467,nps,10,"Ease of completing forms, content easily understanding content. Relief knowing a legal document was handled by reputable company.",https://app.delighted.com/r/HNBgq3jjzvnhaDIYRrnjKKQTsGFfFPF4,05/07/2020 17:46:57,05/07/2020 17:49:50
124746465,610912120,nps,10,The process was smooth and the took less than 30 minutes to complete.  I appreciate the time saved as I don't have a complex estate.,https://app.delighted.com/r/hQmHlQv7qvlSTnYrTVmcW3HysHX0zumM,05/07/2020 17:46:59,05/07/2020 17:47:43
124746463,610912667,nps,1,,https://app.delighted.com/r/AHiyhvFuhvzaV6EBz6iAToC2bWUJndyc,05/07/2020 17:46:59,05/07/2020 17:48:11
124746522,610912747,nps,9,,https://app.delighted.com/r/ChQlUJEmdBWQEWVf54UH8Msq4XdbvmZK,05/07/2020 17:47:09,05/07/2020 17:50:33
124746554,610912748,nps,7,,https://app.delighted.com/r/MPYJB1tGMRWJr9Jd3pQZ0nqW96ERuh2c,05/07/2020 17:47:14,05/07/2020 17:49:56
124746647,610912649,nps,10,The ease of your forms.,https://app.delighted.com/r/xx3vwcgv4J9ImzqWRDflFUyyObp1hsuN,05/07/2020 17:47:29,05/07/2020 17:48:01
124746644,610912850,nps,10,,https://app.delighted.com/r/yhpyn39RyuXCDaJGHuIBTkwVI5oJTdhr,05/07/2020 17:47:29,05/07/2020 17:48:47
124746643,610912833,nps,1,,https://app.delighted.com/r/EoTf5FKUGDOnNNSv5j8d5vp9clv9gWSv,05/07/2020 17:47:29,05/07/2020 17:48:32
124746682,610912861,nps,7,,https://app.delighted.com/r/HVwkppWoEIMnE5PojByNKKFPqdQfIQY5,05/07/2020 17:47:33,05/07/2020 17:50:12
124746680,610912832,nps,9,,https://app.delighted.com/r/q52TKUlMM8la28yndg8MuCg90VJVJYIx,05/07/2020 17:47:33,05/07/2020 17:48:56
124746717,610912834,nps,4,,https://app.delighted.com/r/ESbQCWpAjprZRFJjxIl54UCOvPIqICd9,05/07/2020 17:47:35,05/07/2020 17:49:01
124746841,610912966,nps,1,,https://app.delighted.com/r/Ho9MrV6sEzub7WxscuqAjkJWc7tADV05,05/07/2020 17:47:55,05/07/2020 17:48:57
124746922,610912072,nps,10,,https://app.delighted.com/r/bR7gx3eYPQSNpBSGVVr7i3chsb3MOZko,05/07/2020 17:48:06,05/07/2020 17:48:06
124747023,610913187,nps,1,,https://app.delighted.com/r/BlyQuXivzVGHsUZm2mHIGyh8sxIZzbOH,05/07/2020 17:48:29,05/07/2020 17:49:39
124747197,610912745,nps,9,,https://app.delighted.com/r/JmNkOeavgp3XZ4feYBT2TyJhln0SV4hR,05/07/2020 17:49:00,05/07/2020 17:49:00
124747223,610912232,nps,2,,https://app.delighted.com/r/fSJCF9YaQ64OKuuhmfJkvcbcB4VDbB3c,05/07/2020 17:49:08,05/07/2020 17:50:33
124747322,610913190,nps,9,easy to use,https://app.delighted.com/r/2pQFd3LO4y7pnuccEU2kd2ERsz2qKYyM,05/07/2020 17:49:36,05/07/2020 17:49:44
124747372,610912472,nps,10,,https://app.delighted.com/r/hRb461EdDNl62Dy5EuitEqwlYVH3he5v,05/07/2020 17:49:52,05/07/2020 17:49:52
124747369,610912992,nps,10,it was the easiest to complete less than 10 minutes with reading.,https://app.delighted.com/r/VuDaSnhbOcAu645zbid1WBfpb6mRDEdm,05/07/2020 17:49:52,05/07/2020 17:50:30
124747465,610912310,nps,10,Easy to use and quick. ,https://app.delighted.com/r/AdsCaT7t94kjPK5uo95A00aT14nJZK9C,05/07/2020 17:50:26,05/07/2020 17:50:39
124747471,610912903,nps,9,,https://app.delighted.com/r/cvtDTPbDEePk0sWLMGH6Qqw6FUB5osaD,05/07/2020 17:50:28,05/07/2020 17:54:24
124747596,610913160,nps,10,very easy to use,https://app.delighted.com/r/z7JJrl4zYIIe9aGhQIDoDMWL3pd3kqbz,05/07/2020 17:51:10,05/08/2020 08:44:03
124747598,610912176,nps,8,"It was easy to use and did the trick, but for someone who may not know what the different pieces mean, it might have been good to have some sort of explanation.  In addition, it would have been nice to have some variations available.",https://app.delighted.com/r/k3hO6TLg3r8YmGPqtLjUHiXxo223CQSW,05/07/2020 17:51:12,05/07/2020 17:51:55
124747853,610912636,nps,10,So easy and very understandable!,https://app.delighted.com/r/yso5FQz5EsYLSoWmtWCi5jkFUhBwhSEN,05/07/2020 17:53:10,05/07/2020 17:53:40
124747974,610912982,nps,10,,https://app.delighted.com/r/LtHoLoY8DBMgHCNkko7Q0Qbb9gdyCRoO,05/07/2020 17:53:58,05/07/2020 17:53:58
124748006,610912953,nps,10,It was very easy to create a simple valid will along with medical power of attorney,https://app.delighted.com/r/KT0vsyVXYUTFp7oaggGlrU4Azfp9ZnmY,05/07/2020 17:54:15,05/07/2020 17:54:52
124748071,610912471,nps,10,,https://app.delighted.com/r/3NfgVWxxEk15oy4kUyFdhH8Rp4Q88aEd,05/07/2020 17:54:54,05/07/2020 17:54:54
124748362,610912514,nps,10,It was really easy to use,https://app.delighted.com/r/CvUIEkJLa3RcA3iEpAf8gBR7zvpbAsbf,05/07/2020 17:57:11,05/07/2020 17:57:26
124748437,610912708,nps,10,,https://app.delighted.com/r/03CjGEJ6TJ2UPBmpron42b8O9Ep53d8Y,05/07/2020 17:57:50,05/07/2020 17:57:50
124748721,610912453,nps,10,Easy and exactly what I wanted!,https://app.delighted.com/r/tIDy2iQ2dVyrTA8dkMiQxNErgPEb6S4G,05/07/2020 17:59:59,05/07/2020 18:00:27
124749035,610912766,nps,10,,https://app.delighted.com/r/iTbO2boXiV04kfk0885SFP875509oXi6,05/07/2020 18:02:53,05/07/2020 18:02:53
124749206,610913096,nps,10,Easy ,https://app.delighted.com/r/4FUBBkeW6r16VyYLhOqGBbbtTlsazqfX,05/07/2020 18:04:27,05/07/2020 18:04:33
124749398,610913112,nps,10,So easy and clear,https://app.delighted.com/r/I5xaLYfcSvUGI4xjHdMLXWG8I3kfWAkA,05/07/2020 18:06:07,05/07/2020 18:06:12
124749577,610912835,nps,8,"These are great as very basic documents, but it would be nice to be able to customize it a little more. ",https://app.delighted.com/r/tBScPYK4MeIinnYwUBl3xM1rYnNR8uKD,05/07/2020 18:07:24,05/07/2020 18:08:09
124749602,610912226,nps,10,,https://app.delighted.com/r/QguV36c1ohsJjsge868a7hd8bASAr9X6,05/07/2020 18:07:33,05/07/2020 18:07:33
124749613,610912825,nps,9,Easy to navigate. Template for witness differed so confusing for them once printed ,https://app.delighted.com/r/TPYgVCcL3UywWVhLmwqvufRwlSlVl1T3,05/07/2020 18:07:37,05/07/2020 18:08:09
124749623,610912732,nps,10,,https://app.delighted.com/r/1le5V327iiJsDdRWa50Pq7kCnrxxBMfc,05/07/2020 18:07:42,05/07/2020 18:07:42
124749689,610913095,nps,10,"Easy to use, simple yet effective.  Just what I needed.",https://app.delighted.com/r/N4LYKeVm2z5Pq3U7Rjp2Jvnh5h67wLdm,05/07/2020 18:08:17,05/07/2020 18:08:50
124749762,610913222,nps,9,,https://app.delighted.com/r/L7KD1Oe8ebToPG8dsnJ2xOre0cPZNE6C,05/07/2020 18:08:58,05/07/2020 18:08:58
124749831,610912356,nps,10,Very easy to use!,https://app.delighted.com/r/pKbCpRSZ9DfTBJEysmr4kdGKMI9WZ8KJ,05/07/2020 18:09:33,05/07/2020 18:09:49
124750228,610912095,nps,10,"Easy to use. It covers all my present testamentary needs, especially with the ""Add a gift"" feature. Thank you so much for enable us to use this great tool during these trying times.",https://app.delighted.com/r/i5tYUuRbrYTCyzUZogSZa49KYdt6Z3FP,05/07/2020 18:12:41,05/07/2020 18:24:36
124750414,610912857,nps,10,,https://app.delighted.com/r/6Is6aIrmhWdq9h31QU0eeAMuBc0uJG54,05/07/2020 18:14:17,05/07/2020 18:14:17
124750420,610912055,nps,8,,https://app.delighted.com/r/uHp1gQXjCuqdqnCNLUU2Lcr9GbyETNBB,05/07/2020 18:14:21,05/07/2020 18:14:21
124750462,610913216,nps,10,,https://app.delighted.com/r/NbxuEta7ovQozsyk6hZhqIWnvMn0FZYW,05/07/2020 18:14:39,05/07/2020 18:14:39
124750539,610912204,nps,10,,https://app.delighted.com/r/QhN8LpNTj9mtASJ0rpQTA7RqOxzgaFbN,05/07/2020 18:15:06,05/07/2020 18:15:06
124750874,610912934,nps,10,The process was easy to follow and to complete.,https://app.delighted.com/r/X0e0hWTPnLa17lYDTM7udbBgh6GF59Em,05/07/2020 18:17:46,05/07/2020 18:18:48
124751017,610912878,nps,10,This is awesome! In these crazy uncertain times people don't have time to think about stuff like this. When I read my e-mail at work and saw this service offer I knew I had to do it and it's free which is even nicer! Thank you!! ,https://app.delighted.com/r/OtUYPm18cWYzYBns0GbxZQCInV8JAQmh,05/07/2020 18:18:52,05/07/2020 18:29:37
124751139,610913064,nps,10,Very easy. Took less than 5 min. ,https://app.delighted.com/r/7rrW3euedMCU4SFONrPosY9zuTHBp1qK,05/07/2020 18:19:43,05/07/2020 18:20:57
124751285,610913047,nps,10,"Easy to the point, informative ",https://app.delighted.com/r/3I9LoYql6FVZwG9QrOHivs0GozLpC8OQ,05/07/2020 18:21:03,05/07/2020 18:21:21
124751376,610912626,nps,7,you need 2 witnesses and a notary.  not going to happen in this time of shut down.  ,https://app.delighted.com/r/WY16ANtcqW13CCjCM1o5R2lwKRt0ZTLF,05/07/2020 18:21:43,05/07/2020 18:22:19
124751885,610912516,nps,10,It was easy,https://app.delighted.com/r/7ws5iVlOMA5DnKY9787KsNWtuIqGJw8y,05/07/2020 18:25:54,05/07/2020 18:26:47
124752059,610912984,nps,10,ease of use,https://app.delighted.com/r/LsMz5UXm52Ha5EHwrFh6OBMgTUmrzEq1,05/07/2020 18:27:22,05/07/2020 18:28:06
124753218,610912406,nps,10,I’ve been saying for years that I need to take care of this. I need to make these decisions now and quit procrastinating. Having the option to do my estate planning online really took a load off my shoulders ,https://app.delighted.com/r/P3Ufc9eZYHsrPtD9SQ0YrPz3KLJHq8e3,05/07/2020 18:37:48,05/07/2020 18:39:09
124753693,610912115,nps,10,,https://app.delighted.com/r/5CGixRathg4N6DDkpL6Qy9EcKTKuJF86,05/07/2020 18:42:16,05/07/2020 18:42:16
124753871,610912370,nps,10,Simple to use,https://app.delighted.com/r/3W4dCmqHgxOJbRG3fpdME3gqmF8GReoQ,05/07/2020 18:43:30,05/07/2020 18:43:42
124755172,610912793,nps,10,Great website,https://app.delighted.com/r/S7aGjCj70PyzZLSjXGtGBnE6QFVOrm7M,05/07/2020 18:54:38,05/07/2020 18:54:50
124755523,610912679,nps,10,,https://app.delighted.com/r/VzXI4103idaBHlROofwdl0FY80Tn8XcS,05/07/2020 18:58:03,05/07/2020 18:58:03
124755578,610912138,nps,10,,https://app.delighted.com/r/kowI2CUvq9vOBjj3FfZhnkiFUAp5OcK3,05/07/2020 18:58:31,05/07/2020 18:58:31
124756649,610912763,nps,10,,https://app.delighted.com/r/xX7tupCyKHph97hQkyQRRiiYsKARhtKG,05/07/2020 19:08:50,05/07/2020 19:08:50
124757438,610912884,nps,10,Easy,https://app.delighted.com/r/vsDkz3LbPrwQLA6xfY6XJQ3aqPcqWG9c,05/07/2020 19:15:57,05/07/2020 19:16:04
124757473,610912216,nps,10,,https://app.delighted.com/r/dC4QzkrqkjL2gNsKLfmyn8mK6TpO6sAA,05/07/2020 19:16:12,05/07/2020 19:16:12
124758600,610912764,nps,10,it was simple and easy to fill out,https://app.delighted.com/r/QhnYfJu7lmPQ4dz51dUgruVv74b7gDMo,05/07/2020 19:25:58,05/07/2020 19:26:19
124758861,610912715,nps,10,,https://app.delighted.com/r/DZQS9izdIhurTjcKDMw5D7PJ6ROUeNwV,05/07/2020 19:28:41,05/07/2020 19:28:41
124759039,610913124,nps,10,,https://app.delighted.com/r/YxZK3MtcaUZQvJX4lAy3o5pbFazoFH9j,05/07/2020 19:30:36,05/07/2020 19:30:36
124759854,610912904,nps,10,,https://app.delighted.com/r/h14vBzkL0pANuiUkHiD2WnNJkNGMK6gW,05/07/2020 19:38:44,05/07/2020 19:38:44
124762598,610912729,nps,9,,https://app.delighted.com/r/pKIiThOhFNyL8QEV35hs8EkEdLwGAOds,05/07/2020 20:03:21,05/07/2020 20:03:21
124762835,610912483,nps,9,,https://app.delighted.com/r/FkyHXSaLPIZ8XXBtA9d18jJf20nFFfDS,05/07/2020 20:05:36,05/07/2020 20:05:36
124763483,610912177,nps,10,,https://app.delighted.com/r/BYnnv4HEZYosaJ5pRtIrDBVWkfiaoze1,05/07/2020 20:11:29,05/07/2020 20:11:29
124764245,610912971,nps,10,,https://app.delighted.com/r/ayvUSicndYkWOJAzRKbvIDVMBG6aUrBf,05/07/2020 20:18:25,05/07/2020 20:18:25
124765099,610912754,nps,10,,https://app.delighted.com/r/doXB7QYWDA5TN1trDqp4dbeKZ3Qmn1f4,05/07/2020 20:26:06,05/07/2020 20:26:06
124765362,610912488,nps,10,,https://app.delighted.com/r/oxYlBUFz8Xdw5ZWArSDEqE07Ie5YlhFk,05/07/2020 20:28:38,05/07/2020 20:28:38
124765993,610913069,nps,10,The process was very user friendly and streamlined. I didn’t feel overwhelmed while completing the process. ,https://app.delighted.com/r/ClwCHh5FoTs4fBSIBasXtLQHLcyoPhJK,05/07/2020 20:34:44,05/07/2020 20:36:23
124767107,610913171,nps,10,,https://app.delighted.com/r/p7gFSdbQ5MU47kCjiV4X2eN1x3L2Qb24,05/07/2020 20:45:59,05/07/2020 20:45:59
124767116,610912954,nps,9,Very easy to use and for a basic will hits all that you need.,https://app.delighted.com/r/lTF4nhdQ3b0QbhpyA5p7qlLS7MvVnyzu,05/07/2020 20:46:05,05/07/2020 20:46:35
124768118,610912963,nps,10,,https://app.delighted.com/r/3LXFAubnvDSlhenRQMAucJupMxtAbK0e,05/07/2020 20:55:49,05/07/2020 20:55:49
124768659,610913043,nps,10,It was so simple to complete ,https://app.delighted.com/r/203kcClUo6EZOvG2TtMMuE93ggyQBwYH,05/07/2020 21:00:57,05/07/2020 21:01:14
124768836,610912070,nps,10,,https://app.delighted.com/r/YzcHNcAiHxZv8HhlH05KWr5jFVkhw6Ji,05/07/2020 21:02:27,05/07/2020 21:02:27
124769681,610912455,nps,10,Very ,https://app.delighted.com/r/wJonaVojxloLxoJC23Fcb2nPtSEblM5R,05/07/2020 21:10:45,05/07/2020 21:11:02
124770446,610912944,nps,9,,https://app.delighted.com/r/13C8WAbNENb9IJUxq2DTiJO5FIJGNtWk,05/07/2020 21:18:51,05/07/2020 21:18:51
124770892,610912229,nps,10,,https://app.delighted.com/r/a7EtumDysdKFphjNX9ZHuglDtAoPNe9K,05/07/2020 21:23:42,05/07/2020 21:23:42
124772965,610913161,nps,10,The forms were easy to file out and it included all the information you needed.,https://app.delighted.com/r/MQvlhdzvT59j2lqJi78ccSfm0zmmPP1v,05/07/2020 21:45:29,05/07/2020 21:46:17
124780246,610913031,nps,10,,https://app.delighted.com/r/qVflYGI09mETbunGORxorsxaq7gy0DfV,05/07/2020 23:16:01,05/07/2020 23:16:01
124785287,610912886,nps,10,,https://app.delighted.com/r/h4qg3aY1zfHzf16sE0uxh7lm4BvUzfIh,05/08/2020 00:33:01,05/08/2020 00:33:01
124792079,610912200,nps,10,,https://app.delighted.com/r/K5mabVyCRL79vuw8oeOr7GA0fJNyXBbM,05/08/2020 02:42:04,05/08/2020 02:42:04
124795926,610912315,nps,10,,https://app.delighted.com/r/aLV9qRss7i9olgYUjBAFWUWw2YVF4sex,05/08/2020 04:12:56,05/08/2020 04:12:56
124796793,610912375,nps,10,,https://app.delighted.com/r/NEt6jm1mYl84M0P9HlIGVyPRuzIKUk8t,05/08/2020 04:34:52,05/08/2020 04:34:52
124800725,610913045,nps,10,,https://app.delighted.com/r/SvlnN1K0WZeMgepwa69VtG0YOSZwK7Nd,05/08/2020 06:00:22,05/08/2020 06:00:22
124801086,610912146,nps,9,,https://app.delighted.com/r/ABI1ZNIxX3HU6Km1uXaNqRu30siAdSW5,05/08/2020 06:07:02,05/08/2020 06:07:02
124801631,610912121,nps,10,,https://app.delighted.com/r/MtzRuiDbRBBh41I4QwXYXwNA5FLv4uot,05/08/2020 06:17:51,05/08/2020 06:17:51
124802690,610912933,nps,10,Was very easy to fill in information and covered what I needed.,https://app.delighted.com/r/igdokgeu3soH0BL6BnL83qJVudvZVHdg,05/08/2020 06:36:44,05/08/2020 06:37:20
124803737,610912809,nps,10,,https://app.delighted.com/r/gx1E49nR7sSt5o5SrXHxBAMG3e72N7Qj,05/08/2020 06:52:57,05/08/2020 06:52:57
124804347,610912150,nps,10,very easy process,https://app.delighted.com/r/qKGHoDUmVCSCTUb6VIybXtn7TYrLkCu2,05/08/2020 07:01:53,05/08/2020 07:02:04
124806040,610912089,nps,9,,https://app.delighted.com/r/ZSeqDX0XC6cEkfrC3WYKFgWgDakqyfac,05/08/2020 07:21:48,05/08/2020 07:21:48
124806787,610913001,nps,10,Appreciate the services offered,https://app.delighted.com/r/1l9uxKhCgewnZ889MY90fZ2BnAhlOZEA,05/08/2020 07:31:04,05/08/2020 07:31:24
124806887,610913137,nps,10,it was easy and straight forward,https://app.delighted.com/r/KrQu8lIK3TGlR1Q49w9eKGtrsmsR26x2,05/08/2020 07:32:27,05/08/2020 07:32:52
124807029,610912567,nps,7,"it's basic, probably not as detailed as some would like.",https://app.delighted.com/r/11uOwNDj4R18vPLxIXKtbuOGUCLFsJIX,05/08/2020 07:33:52,05/08/2020 07:34:14
124807422,610912880,nps,10,,https://app.delighted.com/r/lXL08zkyuQdzlHt9Wg3USWi93PFhPAzz,05/08/2020 07:38:28,05/08/2020 07:38:28
124807447,610913126,nps,10,Very easy to walk through. ,https://app.delighted.com/r/AQ6kFsviWPMCwWOufrUTuu2RbQlZuqLe,05/08/2020 07:38:40,05/08/2020 07:38:58
124807448,610912776,nps,10,Easy to navigate through Metlife's website.,https://app.delighted.com/r/5AnBU7EKmfRyfJ7DW9aRqgHXR6FTXegW,05/08/2020 07:38:41,05/08/2020 07:39:19
124808090,610912307,nps,9,It was a free service for Atrium Employees that I need to have done and this came at the right time.,https://app.delighted.com/r/5VjFkGYECxLZ4YGVuJ5EVKbHJNdtlmax,05/08/2020 07:45:02,05/08/2020 07:45:39
124808179,610912480,nps,10,,https://app.delighted.com/r/w3N8z1O0WEIOcUDRWpOYn2zoIkFnBO77,05/08/2020 07:45:54,05/08/2020 07:45:54
124808445,610912179,nps,10,The process is very necessary and completing was very simple.  Appearance of documents are very professional.  Thank you,https://app.delighted.com/r/PLn3DtlawpTqm20Tw4NnyKecwVbR1vAP,05/08/2020 07:48:43,05/08/2020 07:50:56
124808519,610912398,nps,10,Very easy to work with,https://app.delighted.com/r/ra0qVbtbCjl5rYN13Nbng0awwj9wpi5g,05/08/2020 07:49:29,05/08/2020 07:50:03
124808576,610913058,nps,10,I appreciate how easy it was to create a will.,https://app.delighted.com/r/9G4uzwqExCaesqi09gVF6jLDIsaJbiRK,05/08/2020 07:50:18,05/08/2020 07:50:41
124808594,610913092,nps,9,,https://app.delighted.com/r/IY8vrM5qQxLzqOmm0YsYDKGlSelU8ZIX,05/08/2020 07:50:34,05/08/2020 07:50:34
124809015,610912758,nps,10,It was super easy to navigate and I was amazed at how quick I was able to complete the documents.,https://app.delighted.com/r/yD5hPR9viVPge1JXsKYMttiQuWGysshZ,05/08/2020 07:55:35,05/08/2020 07:56:14
124809174,610912237,nps,10,,https://app.delighted.com/r/rlVTfWSLGaCNiOjNGLU0wnVJoqUHrRf3,05/08/2020 07:57:29,05/08/2020 07:57:29
124809288,610912670,nps,8,,https://app.delighted.com/r/3TCUe514TIphQEUQkrPZQRyygAfBbHCW,05/08/2020 07:58:35,05/08/2020 07:58:35
124810059,610912574,nps,10,Having advance directives and future planning forces patient to think in a broader scope and significantly reduces burden to their family about difficult decisions about ones own life,https://app.delighted.com/r/aL3fS4EzJZHEUfmDtIVYElcuFRDMUNn3,05/08/2020 08:05:16,05/08/2020 09:10:01
124810151,610912941,nps,9,"The services were very convenient, but at times the system would not allow you to change or edit at times.  ",https://app.delighted.com/r/0ox75zVaCRz29bK6sYSJJUy8qp57lrRz,05/08/2020 08:05:57,05/08/2020 08:06:31
124810185,610912889,nps,10,It was easy and seemed to work as advertised. ,https://app.delighted.com/r/XKcsbQ7Scwyy6Z7bJOI26N9lHwvAGzh3,05/08/2020 08:06:09,05/08/2020 08:06:21
124810870,610912601,nps,10,filling out the will was very simple and easy to navigate. ,https://app.delighted.com/r/SybYiTnY3VDmOviRCesJGg46JIiQUeHJ,05/08/2020 08:11:17,05/08/2020 08:11:52
124810895,610912263,nps,10,"The process was very easy - just answer a few questions and three separate documents are printed!  What would have been a very tedious and stressful process was made to be very easy.  
THANK YOU!",https://app.delighted.com/r/nCAza3rABamgJmCY4yAGlwWPYcvDFtgK,05/08/2020 08:11:32,05/08/2020 08:12:40
124810945,610912612,nps,10,Very easy to use! ,https://app.delighted.com/r/10c8dwf5ozqhsUXoPGLNgjyFw6jSbMc6,05/08/2020 08:11:53,05/08/2020 08:12:21
124811585,610913016,nps,10,The Will was very user friendly which will help a lot of people,https://app.delighted.com/r/uRaSutmvY9WA9EOHCm8rzsH4vAFOgNUv,05/08/2020 08:17:32,05/08/2020 08:21:38
124812081,610912638,nps,10,,https://app.delighted.com/r/3qXK6Ht0PHAmFoxj1dAYNTVvuwnuUf2Z,05/08/2020 08:21:36,05/08/2020 08:21:36
124812122,610912474,nps,10,It was so easy to use and quick. I had been trying to figure out how to do a will being a single mother and this was as easy as it could be!,https://app.delighted.com/r/7pNYw4fGPkTqv76HZbCccfx5zHLjPtM5,05/08/2020 08:21:52,05/08/2020 08:22:25
124812307,610912652,nps,10,The application was simple to use and I appreciate the way you are looking out for those in the healthcare field right now. ,https://app.delighted.com/r/qNtcuKp7U7LictQVCEJrT9TBEahtfH9c,05/08/2020 08:23:01,05/08/2020 08:23:42
124812522,610912222,nps,10,,https://app.delighted.com/r/NUZH8s300zJOgoqBB6JOMLC8YZWyPrzJ,05/08/2020 08:24:50,05/08/2020 08:24:50
124812747,610912619,nps,10,"The free will/healthcare power of attorney, etc for Atrium was very useful and helpful",https://app.delighted.com/r/FTfIdm2Eqvmkxrhm0IqmNQPWw0dgXzCc,05/08/2020 08:26:53,05/08/2020 08:27:22
124813091,610912936,nps,8,,https://app.delighted.com/r/LDoeQmTuVhCg0cVyoZ1CFo8v4TFIN2sG,05/08/2020 08:29:52,05/08/2020 08:29:52
124813245,610912319,nps,8,"I utilized your free services that has been provided to our team members at PRISMA so I'm not exactly sure the cost to necessarily recommend this service as a value. However, the fact that I was offered these services for free in the first place shows the integrity of the company. I was impressed by the overall ease of having the documents created so this would be the main reason I would recommend Metlife.",https://app.delighted.com/r/gLzlH20G8qjbOZ9BxvQAeF1O0Z8ai2nY,05/08/2020 08:31:08,05/08/2020 08:36:26
124813257,610912387,nps,10,,https://app.delighted.com/r/Z5G1tST3ZhfK7hILuNtMwpRBHd7Z0uly,05/08/2020 08:31:16,05/08/2020 08:31:16
124813515,610912268,nps,9,,https://app.delighted.com/r/oMTDHquuQT4ILaKyUfwgAzihueqYa5lN,05/08/2020 08:33:22,05/08/2020 08:33:22
124814571,610912385,nps,10,great people,https://app.delighted.com/r/2DROk7wmc4UnsSlIU69tpy2LJdBUI47t,05/08/2020 08:42:44,05/08/2020 08:43:19
124814942,610912607,nps,8,,https://app.delighted.com/r/8t5Jg1Ju9CqPbKjryQjVTheFeK5ZMlmf,05/08/2020 08:45:33,05/08/2020 08:45:33
124815541,610912402,nps,10,"Very easy to use and worded with minimal ""legal-ese"".",https://app.delighted.com/r/U6G98uX0xYpErbi8dRJrKI7TjQQ0qdfW,05/08/2020 08:51:28,05/08/2020 08:51:52
124815810,610912380,nps,10,Free and very simple to use!,https://app.delighted.com/r/HzJBz27DWrwzOGu84fjFT5cmUYkRXVJi,05/08/2020 08:53:49,05/08/2020 08:54:17
124815991,610912522,nps,10,It was fast and a very big help that is needed.,https://app.delighted.com/r/ikBD5KaGE5RksXDyys68EKfQk6MYOsw9,05/08/2020 08:55:10,05/08/2020 08:55:58
124816378,610912675,nps,10,You made the paperwork so easy to fill out and print along with providing instructions. Thank you! This is something I have wanted to update for some time and haven't taken the time to do. Now I will!,https://app.delighted.com/r/s4M8oNHOcFLtpAP6B6s6BDDZhbmakd6Z,05/08/2020 08:58:25,05/08/2020 08:59:44
124817813,610912563,nps,10,"It was easy to create the document, step by step, easy and understandable vocabulary, and very neat document when completed.",https://app.delighted.com/r/3A0IRtt6E2HFkdKtXRaQ9CVjtp39KNJX,05/08/2020 09:09:19,05/08/2020 09:10:01
124819093,610912604,nps,8,,https://app.delighted.com/r/YRyVWfpsFgIeKCw6GMRUDyrZGpIUobek,05/08/2020 09:19:14,05/08/2020 09:19:14
124819156,610913079,nps,10,,https://app.delighted.com/r/XQFONVS47M0Wbed5AzuuCTVzu7DkRf3q,05/08/2020 09:19:42,05/08/2020 09:19:42
124820514,610913141,nps,10,great gift to employees,https://app.delighted.com/r/yv1VDQ3nXXDniU8RxFegvzJmnZmfseFR,05/08/2020 09:30:38,05/08/2020 09:30:55
124820605,610913207,nps,10,The process was very consumer friendly.,https://app.delighted.com/r/faqF8lTb8xRpHJIh3mqqeUYCAv8Gkhhq,05/08/2020 09:31:19,05/08/2020 09:32:02
124821476,610912761,nps,9,,https://app.delighted.com/r/riXClbJAzeVVY5cp491hko0Hy4ab2B6y,05/08/2020 09:38:12,05/08/2020 09:38:12
124824164,610912810,nps,8,I appreciate the free legal documents,https://app.delighted.com/r/fDfFRjR4wXsltKJoIAL1UOoOydH9rC3c,05/08/2020 09:57:34,05/08/2020 09:57:55
124825104,610912463,nps,10,The forms were very easy to complete.  They were worded in a way that was easy to understand.,https://app.delighted.com/r/hkCgjSDSBIrM5III5HCX9UHRIdXrfXMw,05/08/2020 10:05:00,05/08/2020 10:05:42
124825147,610912165,nps,10,"The process was very user friendly and put everything in a clear, concise order and had easy instructions on how to complete the entire process.",https://app.delighted.com/r/GBVVErNLJEb87eA7wOD9e1zqolrCVdsq,05/08/2020 10:05:23,05/08/2020 10:06:31
124828203,610912803,nps,9,website was easy to navigate,https://app.delighted.com/r/aNSydmTCFej60zAXwBewoATbq6vW3C8j,05/08/2020 10:27:59,05/08/2020 10:28:23
124832376,610912669,nps,10,Great service provided by Metlife,https://app.delighted.com/r/ApZGuT27K5dRiN6CRVXdMyrtHHcQPaBa,05/08/2020 10:58:45,05/08/2020 10:59:20
124833667,610912256,nps,7,,https://app.delighted.com/r/LoMcKKU3F2avs0QVy4CoUGmwe8h9SRUT,05/08/2020 11:07:35,05/08/2020 11:07:35
124839347,610913140,nps,10,Simple to use,https://app.delighted.com/r/dEVLdxWkW5PhpNVgEiOlsbvtDK4aFx1l,05/08/2020 11:46:45,05/08/2020 11:46:52
124839726,610912326,nps,10,The process for completing the documents were very easy and did not take long to complete. This is an awesome free service that is greatly needed especially during times like this. I feel better knowing that I now have my wishes is writing in the event of medical emergency or death.  Thanks Metlife!,https://app.delighted.com/r/LkJihmOfOCF2lrtEAKmcKbdoHe3qPHx4,05/08/2020 11:49:32,05/08/2020 11:59:17
124848555,610912087,nps,10,,https://app.delighted.com/r/cKcjYx3HrGI6Etf6zySRWYVDmbvB2ivp,05/08/2020 12:50:53,05/08/2020 12:50:53
124858999,610912206,nps,10,Very well written !,https://app.delighted.com/r/KfZanOEcQYlTs7laAm9hqhAACUYBPnL8,05/08/2020 14:06:15,05/08/2020 14:06:37
124874319,610912555,nps,10,"Very user friendly, quick service. ",https://app.delighted.com/r/JAZxdFVXTRXbV8LuuNc8Ik7n8rSd3LEy,05/08/2020 15:59:23,05/08/2020 15:59:38
124879992,610913147,nps,10,I have already recommended it to someone. Easy and very simple!,https://app.delighted.com/r/BWwCVPDBcAevHYAeBCpjCGAzrsbmexdp,05/08/2020 16:44:21,05/08/2020 16:44:51
124894724,610913066,nps,10,"Fast, free, user friendly!",https://app.delighted.com/r/gvC5YayDsuVjRtUViz4ZzKLHhMw3aJ1W,05/08/2020 18:50:48,05/08/2020 18:51:08
124895031,610912797,nps,10,,https://app.delighted.com/r/EaaDVzD7JyrF2BfwQ2HqBhMVnFZvzfLA,05/08/2020 18:53:17,05/08/2020 18:53:17
124910110,610912366,nps,10,,https://app.delighted.com/r/ISyS7XJY5j2acrV9k4B5VYiEYd75tRRH,05/08/2020 21:20:20,05/08/2020 21:20:20
125000348,610913183,nps,10,"As a single mother I have been wanting and needing to get a ""Will"" done, to protect me and my children assets.  Metlife format made the process of doing it effortless. I was able to write my ""Will"", edit it and print it in less than 30 minutes. Amazing. ",https://app.delighted.com/r/N6BGuqR9sFANtHNNFXXducZJnqXGkMt7,05/09/2020 16:34:22,05/09/2020 16:41:31
125042680,610912510,nps,8,,https://app.delighted.com/r/zVrU5WOk7nNtpjcJ51yZx96mU5WEsZqU,05/10/2020 00:42:25,05/10/2020 00:42:25
125103454,610912063,nps,9,,https://app.delighted.com/r/cOAu6u6Op2T2rNwuX1iMnOpHYRpol8bj,05/10/2020 14:31:32,05/10/2020 14:31:32
125198457,610912634,nps,9,n/a,https://app.delighted.com/r/Alw9rF1IdA6YbrUgTHUy8iZWou4O59TM,05/11/2020 07:55:13,05/11/2020 07:55:21
125203561,610912349,nps,10,Quick and easy,https://app.delighted.com/r/bRlHuPcilWi0jpoaFL6lsati3SxHjClQ,05/11/2020 08:30:56,05/11/2020 08:31:05
125204212,610912576,nps,10,"It is an important tool, to assist those who stay do right. ",https://app.delighted.com/r/OpO8i17R4iUgGftbm6KAYxYESdhmFA4P,05/11/2020 08:35:03,05/11/2020 08:38:25
125204538,610912890,nps,10,,https://app.delighted.com/r/Pxpf0vZZ8otptS4VPftiWbHelkVgIhpc,05/11/2020 08:37:10,05/11/2020 08:37:10
125211877,610912685,nps,10,,https://app.delighted.com/r/yRatqB3AzGlft1dimvdOQBXzJg1o7iwd,05/11/2020 09:23:29,05/11/2020 09:23:29
125215714,611704803,nps,9,Very convenient. Simple and easy to use. ,https://app.delighted.com/r/Y3htwJHOpRRfIhTS50GtSAM04CXAgVbB,05/11/2020 09:46:18,05/11/2020 09:48:01
125250849,610912194,nps,10,It was quick and easy.,https://app.delighted.com/r/DNqak7b6qPtHJ9GrC0m4NU8LZMYTOGLL,05/11/2020 13:02:06,05/11/2020 13:03:02
125251997,613533266,nps,5,,https://app.delighted.com/r/mE1qwZDzztiml1l7CgwKpfRwGyneowh9,05/11/2020 13:08:32,05/11/2020 13:08:32
125257195,610913083,nps,10,,https://app.delighted.com/r/KuUcKPg6MJlDaMz4E9WwxPjVDpFb138A,05/11/2020 13:38:43,05/11/2020 13:38:43
125257580,613379719,nps,10,Very happy to get this free service! ,https://app.delighted.com/r/ulSO29Jfs2gOTNMaeeWzlvwU4nTRuPec,05/11/2020 13:40:58,05/11/2020 13:41:14
125264396,613601201,nps,9,"Great program, I do wish there was some more customization ability to the willing program. ",https://app.delighted.com/r/NKiaD1YvHflK3D1P1Ee2OQ6QHLqgIrlo,05/11/2020 14:22:04,05/11/2020 14:22:35
125269691,610912343,nps,10,,https://app.delighted.com/r/T44h1TKp9Zj4CmsPFZOM8rWUcuhbcjhd,05/11/2020 14:54:06,05/11/2020 14:54:06
125285660,613754032,nps,10,,https://app.delighted.com/r/CfALfgym5YIbq8hrDNneNHgq9zQCnFzv,05/11/2020 16:35:35,05/11/2020 16:35:35
125289356,613754121,nps,10,"The process of completing the living will was very simple. Your representative was also very helpful. Thanks for offering this to my company for free, I appreciate it.",https://app.delighted.com/r/7RQnFdxP39m9pLPNqDlBvx7sE1X9DzkH,05/11/2020 17:01:11,05/11/2020 17:02:13
125366098,613838109,nps,10,"Easy to use, great documents, convenient and clearly states this is not legal advice. ",https://app.delighted.com/r/3ffUuEyfYsdGdHwloubfwHyBEb4PPJiM,05/12/2020 08:19:22,05/12/2020 08:20:10
125413310,610912258,nps,9,,https://app.delighted.com/r/FwoB10Klgv6LPKkK7elG8oES673uqMZ1,05/12/2020 13:01:43,05/12/2020 13:01:43
125449864,610912136,nps,10,The process was easy and it helped to make something I've been putting off much easier to follow through on.  ,https://app.delighted.com/r/yQYEWHXJwv37EAq1i93SnIJGePHEVkzE,05/12/2020 17:02:46,05/12/2020 17:03:21
125458025,613379674,nps,10,,https://app.delighted.com/r/TItUtiI7nFsCOqW1B0Mks2JNYzDyM5KZ,05/12/2020 18:06:29,05/12/2020 18:06:29
125707066,615982843,nps,10,,https://app.delighted.com/r/VG5bwcYO8vZ4f927tLJw6P3jpFo6KoX7,05/14/2020 10:31:50,05/14/2020 10:35:00
125707237,615983007,nps,10,Ease of use,https://app.delighted.com/r/OEFXjLSEOn3czlNfPW9MMCqfT5L5ZxHy,05/14/2020 10:32:49,05/14/2020 10:32:58
125707331,615982873,nps,10,,https://app.delighted.com/r/ovlvRH6kQcHvdRG50YF2pgfIvISFgPYv,05/14/2020 10:33:25,05/14/2020 10:33:25
125707482,615983355,nps,10,,https://app.delighted.com/r/25g7MkCM5dTRFA0ywMT14Bb1yiaxY8iu,05/14/2020 10:34:18,05/14/2020 10:34:18
125707512,615983427,nps,10,,https://app.delighted.com/r/8JjrxfZPZ8aZ6VAo9o5fYJBtrQOayXK7,05/14/2020 10:34:30,05/14/2020 10:35:53
125707631,615983370,nps,4,,https://app.delighted.com/r/VuvMFWIDYxBq1DOOtiUGtpcgwsVqnWBk,05/14/2020 10:35:09,05/14/2020 10:35:09
125707634,615983474,nps,10,Very easy to navigate,https://app.delighted.com/r/PlyLZCeXvFwZ38y8jgqXHUb77iEGhApt,05/14/2020 10:35:10,05/14/2020 10:35:35
125707663,615983492,nps,10,It was easy for me.,https://app.delighted.com/r/BNQOLgzfBFNo87luhIlhJURicHNQqrEG,05/14/2020 10:35:16,05/14/2020 10:35:52
125707657,615982847,nps,10,Easy,https://app.delighted.com/r/rObOpnMjzjf1QmfFwM9WyzwXRi9aIaEd,05/14/2020 10:35:16,05/14/2020 10:35:20
125707678,615983576,nps,10,This was so easy to do! And I downloaded and printed it afterwards. Much better than going to a lawyer!,https://app.delighted.com/r/d2PtqXEfOD3MWXJcMTPtQtmxjSFtUHRP,05/14/2020 10:35:20,05/14/2020 10:39:13
125707962,615982763,nps,7,,https://app.delighted.com/r/yuDdQ7Mi1Qe6vbpOuNW5lpZXX39LmwMS,05/14/2020 10:36:49,05/14/2020 10:36:49
125708579,615983538,nps,10,Great thing that the company is doin. ,https://app.delighted.com/r/r1IidIJw08LpVEyz0szt4kUZgriNj7Bd,05/14/2020 10:40:45,05/14/2020 11:28:47
125708717,615982876,nps,10,,https://app.delighted.com/r/tdjfm0xUIk3AMVkFnO4mMZEozIX0bWV4,05/14/2020 10:41:26,05/14/2020 10:41:26
125708843,615983608,nps,10,"I THINK IT IS AWSOME THAT METLIFE IS OFFERING THIS TO HEALTH CARE WORKERS IN THIS COVID-19 CRISIS AND NOT ONLY THAT, BUT AT THE TIME WHEN YOUR LOVED ONE IS SICK OR GOING THROUGH IT,  AND YOU HAVE A LOT ON YOUR MIND ALREADY. YOU DON'T HAVE TO WORRY ABOUT WHAT TO DO FOR THEM IF ANYTHING HAPPENS. IT'S ALL SET-UP ALREADY.",https://app.delighted.com/r/fZsvsiUhYqVR7okOPUulChEzU5TeykSF,05/14/2020 10:42:18,05/14/2020 10:52:49
125708951,615982877,nps,10,"It was easy to understand and fast
Easy to follow steps and I felt very good at  the end of it.
Also all we need to do is take this to a notary and we are done.
It helps drafting something that we can read ",https://app.delighted.com/r/aMLCu3Y5K9sYprsG91JUZfFRgT4bwvgo,05/14/2020 10:43:05,05/14/2020 10:44:28
125708986,615983280,nps,10,Easy to use,https://app.delighted.com/r/9cPolXGiuOzfeVHcJnXIEPJbBjbEkXok,05/14/2020 10:43:17,05/14/2020 10:43:24
125709105,615983487,nps,10,,https://app.delighted.com/r/0WABKx8WS8ZpK1oUu9WcjPiBhJwG9DGJ,05/14/2020 10:43:59,05/14/2020 10:43:59
125709114,615509121,nps,10,Super easy! Thankful to have it done.,https://app.delighted.com/r/YRC7FLPRxjwfbKsRLaQTKooftWJv35Sh,05/14/2020 10:44:02,05/14/2020 10:45:05
125709522,615982824,nps,10,It was easy to do.,https://app.delighted.com/r/cJeVA28ZDc9Y8VkEt66OQ15cEMaR0QU3,05/14/2020 10:46:46,05/14/2020 10:46:59
125709562,615983404,nps,8,,https://app.delighted.com/r/yf2kk9Nr0U4GYeyzOzS1NFEWwLFCtayU,05/14/2020 10:46:59,05/14/2020 10:46:59
125709624,615983605,nps,10,,https://app.delighted.com/r/cpdIAxUKNtUTpYO34pZxd9s33kWi4lhP,05/14/2020 10:47:23,05/14/2020 10:47:23
125709638,615983549,nps,9,,https://app.delighted.com/r/tGUz38VkvRf6zzKelJHKOJspZgCeja2X,05/14/2020 10:47:27,05/14/2020 10:47:27
125709680,615983497,nps,10,it was a very easy site to complete,https://app.delighted.com/r/Qpr8JufccjRDtwnRCJEJ2upBY5xERrVE,05/14/2020 10:47:43,05/14/2020 10:48:03
125709909,615983276,nps,10,GREAT SERVICE ,https://app.delighted.com/r/enaZbO6esxDUxLoGLWzFPNhNP8Gb5dYS,05/14/2020 10:49:28,05/14/2020 10:49:36
125709914,615983064,nps,10,Very easy and user friendly ,https://app.delighted.com/r/56DzlpEmBF5bHorCxwmGaFatD1ghwjjI,05/14/2020 10:49:30,05/14/2020 10:49:50
125710050,615983501,nps,10,Simple to use and a great service. Allows individuals to complete documents that are so important without cost being a prohibitive factor.,https://app.delighted.com/r/wj4TyJIYV22agelHVav6J38qC9IDBh7S,05/14/2020 10:50:27,05/14/2020 10:52:11
125710957,615983599,nps,10,,https://app.delighted.com/r/VQMQ2eHUoz1wqwfyaOS7Ay8JgIjIW5sR,05/14/2020 10:56:26,05/14/2020 10:56:26
125710971,615983371,nps,10,,https://app.delighted.com/r/vcilAOJkJDKjYAKvTqa9TEYNOTfbVyJy,05/14/2020 10:56:29,05/14/2020 10:56:29
125711101,615983178,nps,10,,https://app.delighted.com/r/358rLnoFQFtG7DBsOT1V03OZnFcJkx1m,05/14/2020 10:57:29,05/14/2020 10:57:29
125711620,615983374,nps,9,,https://app.delighted.com/r/nME4pylvxJ384pwpkvsUup2FmN0OuGU3,05/14/2020 11:01:08,05/14/2020 11:01:08
125711753,615983572,nps,10,,https://app.delighted.com/r/kXUgp9Y787QBJlECX0JzXs2zRzPUTEXb,05/14/2020 11:02:00,05/14/2020 11:02:00
125711954,615982775,nps,10,Very easy to use!,https://app.delighted.com/r/3VMRDIe8QvBCmzpoXRkeEaLc6jL3GtA8,05/14/2020 11:03:15,05/14/2020 11:03:25
125711979,615983357,nps,10,,https://app.delighted.com/r/S5cSEHwbfmUI9Bt4C5t7YoYMh5xIBIvf,05/14/2020 11:03:26,05/14/2020 11:03:26
125712178,616008803,nps,10,Very easy to use and understand. ,https://app.delighted.com/r/b0gmYA9lenyVe2vHHCP5RszIkhlWzNXC,05/14/2020 11:04:39,05/14/2020 11:04:56
125712214,615983344,nps,10,,https://app.delighted.com/r/bhqx27oFUe62zDrrWL9z4hP5aGwjJ2Zi,05/14/2020 11:04:54,05/14/2020 11:04:54
125712611,615983290,nps,10,Process is easy and user friendly!!,https://app.delighted.com/r/rdpS5ee6mCzMtfhvJwRR05QypnfKnr01,05/14/2020 11:07:12,05/14/2020 11:07:12
125713298,615983394,nps,10,,https://app.delighted.com/r/uxiwryNqf7Zzqx7ahOuOgpQSDmR6mJRB,05/14/2020 11:12:00,05/14/2020 11:12:00
125713475,615983535,nps,10,User friendly and quick to do,https://app.delighted.com/r/MqPBwd3BOdA1AmJ2XdETYQOwMEDNQTaK,05/14/2020 11:13:12,05/14/2020 11:13:27
125713848,615983262,nps,10,,https://app.delighted.com/r/FxYRduelpBeCAVlaKYslXGabYJwpAuP5,05/14/2020 11:15:38,05/14/2020 11:15:38
125715658,615983449,nps,7,,https://app.delighted.com/r/OLb6UfKEL42qX7NOXNuHS9cqskpUCfzB,05/14/2020 11:27:40,05/14/2020 11:27:40
125715794,615983578,nps,10,,https://app.delighted.com/r/KdGvVKuLcjiRwjUQo2wl4Mn5k4Vtrryr,05/14/2020 11:28:42,05/14/2020 11:28:42
125716005,615983067,nps,8,It's easy and it works ,https://app.delighted.com/r/Hy5TMYcJQ2BX3xc5yVjobOmGQNAzwsSN,05/14/2020 11:30:00,05/14/2020 11:30:26
125719483,615982783,nps,10,,https://app.delighted.com/r/QM5TfizR5QqEcHfdyCjCQdweSBdP6kFz,05/14/2020 11:53:40,05/14/2020 11:53:40
125720422,615983039,nps,10,It was so easy to do with explicit directions and have already recommended to my coworkers.,https://app.delighted.com/r/YKFAILbKtAo6Y2ARSHQPnxqyp879LVZw,05/14/2020 12:00:12,05/14/2020 12:00:56
125720449,615983078,nps,10,It was offered through my employer.  No cost to me so I took advantage of it. I am encouraging my coworkers to do the same.,https://app.delighted.com/r/SAftZ18mRbJU6bpMq2OqjVEfLAPTTsvd,05/14/2020 12:00:17,05/14/2020 12:01:37
125721218,615982943,nps,10,"it was free, but i can’t edit primary persons to make them co-executors, co-guardians etc.",https://app.delighted.com/r/6TIAFDO7GKBeMrUJI73fDrRpiIL8KGIN,05/14/2020 12:05:02,05/14/2020 12:05:52
125723181,615983587,nps,10,I completed my will and it was not bad at all. I thought it would be intense - hard. But it was never EASY. Step by step instructions and when I had a question - chat was right there with an answer.,https://app.delighted.com/r/pKT0M7s1SFhr8ksW5QgVd16hhisVu5F8,05/14/2020 12:18:25,05/14/2020 12:21:33
125723526,615983086,nps,10,,https://app.delighted.com/r/xLw3ujAbTIRJmbmHwwp15cO1BY4G7u8f,05/14/2020 12:20:41,05/14/2020 12:20:41
125724086,615983132,nps,9,,https://app.delighted.com/r/NPXkkjv20G2YvbgrWmWNkd00LP6DNMkr,05/14/2020 12:24:11,05/14/2020 12:24:11
125724199,615983254,nps,10,,https://app.delighted.com/r/S6SOHP7H9Ou7Rn5Bs3jrQGqrdbjj6Fqn,05/14/2020 12:24:47,05/14/2020 12:24:47
125729190,615983502,nps,9,,https://app.delighted.com/r/3tP1uUzlAds4zwp5Z7fZSECaSPsVqX1q,05/14/2020 12:58:00,05/14/2020 12:58:00
125730449,616104340,nps,7,,https://app.delighted.com/r/UIFW7Fkf0IhLr5T0MpWaiSNy5W3HkMtE,05/14/2020 13:06:45,05/14/2020 13:06:45
125732671,615983322,nps,10,"User friendly format
Excellent on line service with questions answered quickly",https://app.delighted.com/r/SrrO8iZFXXZS7uskTo4AufaXzZ8CUE6Q,05/14/2020 13:21:41,05/14/2020 13:22:23
125734092,615982690,nps,9,,https://app.delighted.com/r/VLyzhwT4l8t8PSmLTdzJN1CYwATGhxeD,05/14/2020 13:31:20,05/14/2020 13:31:20
125734466,615982736,nps,9,,https://app.delighted.com/r/ZwOc4Cb53NvwNcmPwwmtVeDfwXlmTZJI,05/14/2020 13:33:44,05/14/2020 13:33:44
125734532,615983282,nps,9,,https://app.delighted.com/r/myXqS2fdCl8uPpbar89D54GuPKS2CEV4,05/14/2020 13:34:07,05/14/2020 13:34:07
125737378,615983026,nps,10,,https://app.delighted.com/r/kmYQB6MaB4gvWWRwxEUhQnqcb88lSwYi,05/14/2020 13:53:32,05/14/2020 13:53:32
125738852,615982940,nps,10,,https://app.delighted.com/r/xwkyBb8xphFCFi1wKFHIkdVmOfTSrVQP,05/14/2020 14:03:50,05/14/2020 14:03:50
125745823,615982710,nps,10,Very easy to prepare Estate planning documents,https://app.delighted.com/r/XX5KFsBFjfHHsaxht5BmxTIaz9ffMCzF,05/14/2020 14:50:10,05/14/2020 14:51:17
125746861,615983547,nps,10,,https://app.delighted.com/r/rDFa8ZOsQK25Yq8J33JRolebS8wMdkYs,05/14/2020 14:57:54,05/14/2020 14:57:54
125749571,615983036,nps,10,Was very easy to use.,https://app.delighted.com/r/HWi5PrP2EUOjzNW1g30SG9ntd5fqSlPe,05/14/2020 15:16:02,05/19/2020 12:52:44
125754449,615982708,nps,10,,https://app.delighted.com/r/EQ5pNgXqUynQ7Rt7NuEa16U6WP7rDnx8,05/14/2020 15:50:48,05/14/2020 15:50:48
125759611,615983172,nps,10,,https://app.delighted.com/r/8pCijqyaBmbYaMLZ4lTmHsGyebgT3KWs,05/14/2020 16:29:28,05/14/2020 16:29:28
125759968,615983166,nps,10,Convient and through,https://app.delighted.com/r/WhJxmGxc9gJ2gBX0rtyUF6Q5YGTU228l,05/14/2020 16:32:05,05/14/2020 16:32:29
125770534,615982989,nps,10,,https://app.delighted.com/r/7p12CTJecI0e34xFJc4uJvAjLQkmLRha,05/14/2020 17:49:33,05/14/2020 17:49:33
125773808,615983472,nps,10,It’s easy to understand and easy to fill out the questions,https://app.delighted.com/r/kx4NZt70PzeqeYdJAwKCLR2KZneHBdPF,05/14/2020 18:15:51,05/14/2020 18:16:56
125777755,615982880,nps,10,,https://app.delighted.com/r/bftGexLITKLCIyH3rE41gCbyE39YfxIG,05/14/2020 18:51:56,05/14/2020 18:51:56
125780854,615983378,nps,5,"Easy, average, but not detailed.",https://app.delighted.com/r/LR8f6VFlnC212puVs42JIDJvXOa3PuFz,05/14/2020 19:20:36,05/14/2020 19:21:04
125784399,615983155,nps,10,we needed a will and you made it easy to do and free is always good. thank you,https://app.delighted.com/r/sV88oZKmQwxLBhjTfMcZUPVKABnWTh7z,05/14/2020 19:55:13,05/14/2020 19:55:59
125784936,615983601,nps,10,It was very easy to use and took very little time to complete.,https://app.delighted.com/r/vDYPkM295dgApPJ1bTFjOMcF1yLjWk4Q,05/14/2020 20:00:51,05/14/2020 20:01:18
125785338,615982888,nps,10,"Easy, and fast. Perfect.",https://app.delighted.com/r/A7mXgckzFr9ZP7qTlr6ptIylQ62DJ0Kl,05/14/2020 20:04:54,05/15/2020 15:45:42
125796699,615982759,nps,10,,https://app.delighted.com/r/YYzoTVhshK7Gb2vHgwtLQOR5GkZ8O2i9,05/14/2020 22:04:33,05/14/2020 22:04:33
125798615,615983054,nps,10,,https://app.delighted.com/r/XMrZFuN7n1P6Q4FwjoAZcihv63d4uTIT,05/14/2020 22:28:35,05/14/2020 22:28:35
125803907,615983010,nps,9,It was quick and easy. I still want to see how to modify the basic will. But seems ok for a basic will maker.,https://app.delighted.com/r/Mb0l5V7qY3wIqw6QaNoO30ePMlpXAQp5,05/14/2020 23:35:56,05/14/2020 23:37:03
125811383,615983012,nps,10,,https://app.delighted.com/r/wquQRcxs7oiR07BfNlVmNful3SCywWCb,05/15/2020 01:32:48,05/15/2020 01:32:48
125831514,615982713,nps,10,,https://app.delighted.com/r/pqTxXVxxlxmXdJpW0FgS9xcDKtuwVSgy,05/15/2020 07:26:29,05/15/2020 07:26:29
125832271,615982854,nps,10,It was free,https://app.delighted.com/r/6mTIWP4J7w599JRhfRT4NDAO5G7QTVAw,05/15/2020 07:34:11,05/15/2020 07:34:21
125846885,615983584,nps,10,ease of use and it was a offered for free,https://app.delighted.com/r/fVOBvt36fLsXTaUY96Gy6AfHvudc4Y1b,05/15/2020 09:33:32,05/15/2020 09:33:51
125854785,615982926,nps,10,It was offered for free through my work/MetLife for healthcare workers. ,https://app.delighted.com/r/AaK4CQHHtWpR02vlKPtHycm0R6KmHlGv,05/15/2020 10:29:56,05/15/2020 10:30:37
125867191,615660282,nps,10,,https://app.delighted.com/r/cHZUoWHZ7OXOiok0sL7EqUpzztZWBSK8,05/15/2020 11:51:34,05/15/2020 11:51:34
125871288,615983498,nps,10,Ease of use,https://app.delighted.com/r/Ebzc1kExPQdoA9P2VNqOzyBDUNtwN5mQ,05/15/2020 12:17:28,05/15/2020 12:17:41
125883902,615983571,nps,8,,https://app.delighted.com/r/usF18wjztNC5bgo6TilrRsQV7bfnaZhN,05/15/2020 13:45:01,05/15/2020 13:45:01
125906710,610912821,nps,8,,https://app.delighted.com/r/UG0eBh7P5VPnVKk29IAz63P2RFl1Rg2O,05/15/2020 16:32:10,05/15/2020 16:32:10
125968397,615983123,nps,10,,https://app.delighted.com/r/Cv7WP7whs5eyyhKZfa6mDOM9Mc3z3IaI,05/16/2020 07:14:23,05/16/2020 07:14:23
126002649,615983522,nps,10,,https://app.delighted.com/r/9LoV738WRecVYiNne6XbYjEZAAZjyXcU,05/16/2020 12:37:42,05/16/2020 12:37:42
126099132,615969317,nps,3,"Executor has to be one of my beneficiaries which I didn’t want. Also could not name a trustee for my grandchildren who are 2 weeks and 2 years, should my daughter predecease me",https://app.delighted.com/r/IUhF5jWK2eyEoyKaCncs7DCOfyijuoem,05/17/2020 11:06:41,05/17/2020 11:08:43
126139242,615983245,nps,10,,https://app.delighted.com/r/AbkF11PfIlVQTa0KN6CGvUTc0tJRnrYv,05/17/2020 17:25:32,05/17/2020 17:25:32
126158080,615982883,nps,10,,https://app.delighted.com/r/nQXF8xYb7oMtsy06Jm8Fldvk2hN5DoTJ,05/17/2020 20:31:40,05/17/2020 20:31:40
126211699,617450708,nps,8,N/A,https://app.delighted.com/r/Obq1O03sgtaY8uy0YjYEGSbsjSLhbTE8,05/18/2020 08:26:27,05/18/2020 08:26:35
126214742,617978012,nps,10,it was very easy and now I have my wills taken care of. thanks,https://app.delighted.com/r/IhE9lvrHdqteoHnMatOt155xjaNAxLD6,05/18/2020 08:47:56,05/18/2020 08:48:53
126226303,616239860,nps,9,,https://app.delighted.com/r/vOh3Y0swzvLsVuLfjw1QBLumzYqizP0F,05/18/2020 10:00:55,05/18/2020 10:00:55
126227022,616207865,nps,10,,https://app.delighted.com/r/F3oXpmyubUwtyelID9mdpY0d2f3mrOd7,05/18/2020 10:05:03,05/18/2020 10:05:03
126227170,615553399,nps,10,"So easy and accurate (and free!!)
Thank you.",https://app.delighted.com/r/J1vaM3juoHl598sPh2XlDNRTzQUxjDeN,05/18/2020 10:06:05,05/18/2020 10:06:57
126227817,616240741,nps,10,quick and easy,https://app.delighted.com/r/hK5dbTLHcezxft9pYnX8reNfLUrmukbJ,05/18/2020 10:09:59,05/18/2020 10:10:11
126227853,616821214,nps,10,,https://app.delighted.com/r/dNXmG95jiEfYuxSHtTvqoEehpXrl2ep6,05/18/2020 10:10:10,05/18/2020 10:10:10
126228218,616425313,nps,8,It was easy to do if you followed the template. but I couldn’t find how to customize,https://app.delighted.com/r/UQTtPVnRthRCL4shUkTPoHN4ZShOiZ6L,05/18/2020 10:12:41,05/18/2020 10:13:46
126229185,616609523,nps,10,Site was easy to use and able to complete needed tasks quickly. ,https://app.delighted.com/r/b6xoL6RfrYV6Bp8og1PPC7znGO5C3MQ4,05/18/2020 10:19:00,05/18/2020 10:19:41
126229268,616046497,nps,10,,https://app.delighted.com/r/WDwZI52PEmKRGiLwWWe3DjeleCFNgBUs,05/18/2020 10:19:29,05/19/2020 10:19:53
126229677,616996606,nps,10,I told all my friends here at  work to check it out because it was a great deal.  Plus it's great everyone no matter what age.,https://app.delighted.com/r/pCDaUnpZWAqngaGMmcMJtJD0tQJ2gb6K,05/18/2020 10:21:59,05/18/2020 10:23:02
126229823,616676264,nps,10,,https://app.delighted.com/r/VR3vprjGUeOTBo8iA0ElfhZ784xthDjx,05/18/2020 10:22:51,05/18/2020 10:22:51
126229873,615983604,nps,9,,https://app.delighted.com/r/GUvRTlNoir1UWri3ajprcLuy8AhkWWHr,05/18/2020 10:23:10,05/18/2020 10:23:10
126230203,615970424,nps,10,"Good service, easy administration & easy for my employees ",https://app.delighted.com/r/44ZUYlVMTlbiST1B374jOQ5jkuIY38l9,05/18/2020 10:25:17,05/18/2020 10:25:52
126230409,615924729,nps,8,It didn't give place to will certain things to each beneficiary.  ,https://app.delighted.com/r/RWeKwK6ZMY5zaZtJQXAx5JE4yYFWaCxj,05/18/2020 10:26:44,05/18/2020 10:26:44
126230955,616185660,nps,10,Easy and clear to use ,https://app.delighted.com/r/qwFfK78l4Kl2EYt1wY5WBVsUVsNFJARD,05/18/2020 10:30:17,05/18/2020 10:30:31
126231065,617380579,nps,8,I appreciate Metlife's willingness to provide will/estate planning services to healthcare professionals.  I think it is a thoughtful gesture.,https://app.delighted.com/r/s0JsXTcnCZNvSilTKKjfEg6dw2vKcdXI,05/18/2020 10:31:01,05/18/2020 10:31:59
126232747,615531290,nps,7,,https://app.delighted.com/r/30WBQd3GRVrIsqhLQIh0fB0zobHBfxyT,05/18/2020 10:41:41,05/18/2020 10:41:41
126233398,617882322,nps,0,,https://app.delighted.com/r/rWfzA6OrEhAGqukke92ZcDUoj0310e1L,05/18/2020 10:45:06,05/18/2020 10:45:06
126234375,615596886,nps,10,Very convenient ,https://app.delighted.com/r/CpvAHaZLK511Du3NO8nUuIMqjyJhQMoF,05/18/2020 10:51:19,05/18/2020 10:51:35
126234604,616636385,nps,10,,https://app.delighted.com/r/3HPDnD3abXhQCE7Rb4yUWkeUvS47EESs,05/18/2020 10:52:29,05/18/2020 10:52:29
126235276,616169833,nps,10,"Benefit of doing important paperwork, in case it is needed in the future.",https://app.delighted.com/r/Xn6aInRzu03901mlqxiBm4DjwT6ud0Ws,05/18/2020 10:56:20,05/18/2020 10:57:20
126235803,615991863,nps,10,,https://app.delighted.com/r/NW16ZfFIDA7kW3dfvIlAkxMo9Tno3ThU,05/18/2020 10:59:39,05/18/2020 10:59:39
126236278,615599965,nps,10,The forms are self-explanatory and easy to use.  The entire process took less than 15 minutes.  It is something I have been meaning to do but never seemed to find the time.  Thank you!,https://app.delighted.com/r/HgqnuygZHztuMWav6GDYnueIV6sF89rV,05/18/2020 11:02:25,05/18/2020 11:03:39
126240234,615495670,nps,10,,https://app.delighted.com/r/pSCcVhhH5oCLIveM5DNDQNLFM1gGX3hd,05/18/2020 11:25:31,05/18/2020 11:25:31
126240457,615924619,nps,5,Not a complete service.,https://app.delighted.com/r/accx7rgyIcYnA6lmpC7jcuo1MTSb1kZL,05/18/2020 11:26:54,05/18/2020 11:27:26
126241136,615905726,nps,10,,https://app.delighted.com/r/7U80lMyclBOTTqQpLuJsCkjSBT8nVA1A,05/18/2020 11:30:47,05/18/2020 11:30:47
126242888,615492055,nps,10,,https://app.delighted.com/r/iSLZq4V4YocCMtKN0VqdKq4QWPRZPvJm,05/18/2020 11:41:35,05/18/2020 11:41:35
126243172,616012894,nps,10,,https://app.delighted.com/r/KVV6jHlEvNMFSrVjbLd7RlnIH0Y3e7om,05/18/2020 11:43:14,05/18/2020 11:43:14
126245956,615495634,nps,10,customer service is great,https://app.delighted.com/r/MRLItgGnFU5P4Xw978lfuUqzj1SFCd98,05/18/2020 11:59:54,05/18/2020 12:00:06
126246338,615574682,nps,10,easy to understand and fast to complete,https://app.delighted.com/r/rp6fm7re2EnOSgLwDOd333sFvlrna7Ml,05/18/2020 12:02:14,05/18/2020 12:02:44
126250605,616963254,nps,10,,https://app.delighted.com/r/UoeJ51TxMeDmDvblP4ygx7G83orrT9Am,05/18/2020 12:27:13,05/18/2020 12:27:13
126252368,615553310,nps,10,,https://app.delighted.com/r/VRGB89L8SIgVpIdHo6Q3y0f46BfgTPcb,05/18/2020 12:38:19,05/18/2020 12:38:19
126253098,610912048,nps,5,I was unable to make corrections ,https://app.delighted.com/r/jkTzpOKePzSjO908JLxw7AhA2l8qsizl,05/18/2020 12:42:30,05/18/2020 12:42:42
126253736,615607281,nps,9,"Documents are nice to have, however it is very simplified and some individuals may need a more robust document.",https://app.delighted.com/r/cxmhp8NsQdFjXucO4iVfm6BIT7qH6pPw,05/18/2020 12:46:46,05/18/2020 12:47:17
126254126,615622478,nps,10,"it was easy, quick and clear cut",https://app.delighted.com/r/r2F3ZFJpeAAhMwuxkjgxNjQpEAdpcygE,05/18/2020 12:49:05,05/18/2020 12:49:21
126258807,615591169,nps,10,,https://app.delighted.com/r/qXxbjcxuT7qzWdb3tuSd2OBCgJaO1q70,05/18/2020 13:17:37,05/18/2020 13:17:37
126264038,616200226,nps,10,,https://app.delighted.com/r/zv8YRTUljswgcduUJwpUGCf5Tuz4zcMS,05/18/2020 13:52:28,05/18/2020 13:52:28
126276531,616042151,nps,10,,https://app.delighted.com/r/N9vPSvhy68TLaSU9S3KIyMX4XeAcKKZv,05/18/2020 15:17:43,05/18/2020 15:17:43
126277292,616593018,nps,8,"Simplified form, convenience and privacy.",https://app.delighted.com/r/FwqjShNtx80sugrXIPKnubHyiH4NZAgo,05/18/2020 15:23:19,05/18/2020 15:26:23
126279410,617119957,nps,10,,https://app.delighted.com/r/lW2RrEyMXiOwtSBx2wUEdjnKz1l8Cz85,05/18/2020 15:38:47,05/18/2020 15:38:47
126285436,616187061,nps,10,It was very easy,https://app.delighted.com/r/6wDnv0K0HG5YBFxYTDGnJW8l9ZPlYHce,05/18/2020 16:15:28,05/18/2020 16:15:38
126292709,615847993,nps,10,It was free,https://app.delighted.com/r/1ihyZeEMeJaBvv5Pq5zhx3rTHnTdDaHk,05/18/2020 17:00:33,05/18/2020 17:00:47
126294608,616628181,nps,9,,https://app.delighted.com/r/dEikqgN7c8B3jx6I2RyydSXbPCvYI0R1,05/18/2020 17:12:29,05/18/2020 17:12:29
126314618,617221778,nps,10,,https://app.delighted.com/r/mnyUax5YkKfo6RJmwBPM3yP8c5jTwmwk,05/18/2020 19:41:11,05/18/2020 19:41:11
126323974,615724677,nps,9,,https://app.delighted.com/r/qwi9fBGTVEkHJnoQ2nmyD82Z1My7Y5ki,05/18/2020 21:01:58,05/18/2020 21:01:58
126325862,616100290,nps,10,,https://app.delighted.com/r/Tgkk2qGzvunOwNHmcLMt3HH4lOaJRYta,05/18/2020 21:17:58,05/18/2020 21:17:58
126332948,615607658,nps,10,,https://app.delighted.com/r/i81PcrXIojofy4kyc2lZ1oFDf44agYe4,05/18/2020 22:22:21,05/18/2020 22:22:21
126336633,616187432,nps,8,,https://app.delighted.com/r/d0jXhZOFvr4ofKTX9V2Nuaa3EJQ3jau3,05/18/2020 22:58:33,05/18/2020 22:58:33
126399907,617894347,nps,9,It was easy to do.,https://app.delighted.com/r/3cm6B6f0AlM9UdJNFy0Y14FESpFpqViV,05/19/2020 11:08:13,05/19/2020 11:08:30
126441350,615931121,nps,10,,https://app.delighted.com/r/PpPq92CzWksI8uFjjGhusk37R8OZ0L6E,05/19/2020 15:39:53,05/19/2020 15:39:53
126469231,617837163,nps,10,,https://app.delighted.com/r/IzVxIwhotSxb9U9EEXtq3zueSQwUFuy9,05/19/2020 18:58:16,05/19/2020 18:58:16
126486047,617969944,nps,10,,https://app.delighted.com/r/0tjOeRxf5dBmz1CTBSvSrwXiUfNBp3yY,05/19/2020 21:19:15,05/19/2020 21:19:15
126487173,618131439,nps,10,,https://app.delighted.com/r/aCTJAYDzdeUes9ghA355cFRrEaj4n2nl,05/19/2020 21:29:10,05/19/2020 21:29:10
126487181,618084494,nps,10,,https://app.delighted.com/r/YDlWfQLq376550buA8EFusrfheQrBB3T,05/19/2020 21:29:11,05/19/2020 21:29:11
126497645,618231035,nps,8,Pretty simple to use ,https://app.delighted.com/r/GEhj7a6iDvmiox2BXa4qoeHh864ySp4U,05/19/2020 23:14:37,05/19/2020 23:15:03
126498609,610912738,nps,10,,https://app.delighted.com/r/BWBknHtDidTGMiuW0CqCq5rFORQAJWmB,05/19/2020 23:26:13,05/19/2020 23:26:13
126507694,618119889,nps,0,,https://app.delighted.com/r/PRB15iIp5oYO1aD0s7dt9UCg4u92C5Io,05/20/2020 01:44:23,05/20/2020 01:44:23
126542312,615983222,nps,10,I think it's very important to have a will as well as advance directive established especially if children are involved.,https://app.delighted.com/r/74NN7d7hhUt4kOtRwDruJMREw0rW837O,05/20/2020 09:21:57,05/20/2020 09:22:39
126547216,615982886,nps,10,Great experience! Thank you!,https://app.delighted.com/r/EZUvAipdVXfjz8HkWAHooHl7PfY9mVFi,05/20/2020 09:52:19,05/20/2020 09:52:33
126547296,618450130,nps,7,,https://app.delighted.com/r/hgGXSu5uP35GzQfIKYU6z82jrXmRIJVK,05/20/2020 09:52:43,05/20/2020 09:52:43
126553073,618476740,nps,10,,https://app.delighted.com/r/Qbxt2rMFQkv120Pd0sSmoFdfw8CJl7Fi,05/20/2020 10:24:53,05/20/2020 10:24:53
126562159,618542577,nps,10,,https://app.delighted.com/r/wIrjGyppze3OaTHlk8Hws2WAoCkFP0DG,05/20/2020 11:19:48,05/20/2020 11:19:48
126567199,618531418,nps,7,,https://app.delighted.com/r/4BgntgHnGd0gZjELaXxHa6h271KqdIZq,05/20/2020 11:50:08,05/20/2020 11:50:08
126576353,618555981,nps,10,,https://app.delighted.com/r/XOZpdqLZiZc1yesOzLFnCvOanEvV1YlS,05/20/2020 12:32:04,05/20/2020 12:32:04
126588601,618640802,nps,8,,https://app.delighted.com/r/fPGh923PMQrFMKCoe6IxDDKbkbEL1ZNj,05/20/2020 13:01:41,05/20/2020 13:01:41
126588708,616397818,nps,10,Great Service,https://app.delighted.com/r/WvuNMFh8V9Su4KCjBfYlqv8Vbikrs8HK,05/20/2020 13:02:00,05/20/2020 13:02:29
126599122,618667257,nps,10,seems very efficient and convenient,https://app.delighted.com/r/W4ZFktVZeDYrQYDDrjuGOGY8n98NBu7X,05/20/2020 13:39:23,05/20/2020 13:39:40
126601845,618679119,nps,7,,https://app.delighted.com/r/LchBHnGjzsoj8mNfLrAYyBn6Qxe0prXZ,05/20/2020 13:57:24,05/21/2020 08:55:36
126607537,618699151,nps,10,,https://app.delighted.com/r/l5WPaYDVrHw6MgqDezPQtHJ88LSPOz3H,05/20/2020 14:35:26,05/20/2020 14:35:26
126616347,618744854,nps,10,,https://app.delighted.com/r/ss1Zii22tCNMpVu7i9EgSaJ5r9By3CjN,05/20/2020 15:35:52,05/20/2020 15:35:52
126620251,618807249,nps,9,,https://app.delighted.com/r/UBon6qdBilw8eR5LuoWrNY8gP8R3SFiT,05/20/2020 16:02:22,05/20/2020 16:02:22
126621557,610912583,nps,10,,https://app.delighted.com/r/Vgt9YaA1ByLorSRTnt129VJAMRVTkasd,05/20/2020 16:10:37,05/20/2020 16:10:37
126623615,618828275,nps,8,,https://app.delighted.com/r/mfQAB2szL7FBi25Dg8yTvlccx2xTgfie,05/20/2020 16:23:39,05/20/2020 16:25:05
126626821,618647806,nps,10,,https://app.delighted.com/r/Qfyn9bIAx50a0cwn7jbZziDtVGZXEuNa,05/20/2020 16:44:29,05/20/2020 16:44:29
126627102,618725955,nps,10,Easy to follow and it's free. Thank you,https://app.delighted.com/r/q42s2fVZuy5Rbt3JZVOtzVeiFMKiY2Ht,05/20/2020 16:46:23,05/20/2020 16:47:25
126636050,618845619,nps,10,It was so easy to do. Much easier than the paperwork I did 30 years ago. Very user friendly ,https://app.delighted.com/r/PboyVGJFUR1x08C0rH0R6vLIy57YFV32,05/20/2020 17:46:41,05/20/2020 17:47:17
126648627,618915684,nps,9,,https://app.delighted.com/r/TlhhxrwhQURlWWAUj1lWcCWM5U38VaiK,05/20/2020 19:30:05,05/20/2020 19:30:05
126663199,619127279,nps,10,So easy to use!,https://app.delighted.com/r/txGh6UpCH1uu7Aw9WcnuX5O61xPd3zcY,05/20/2020 21:52:08,05/20/2020 21:52:20
126669446,619154777,nps,10,Ease of use ,https://app.delighted.com/r/iZD0IMuL43XbPcI1bKvTCajQWTsj6K0z,05/20/2020 23:05:27,05/20/2020 23:05:34
126678213,617167852,nps,9,,https://app.delighted.com/r/nsAnLRKN0Fh7mJzlSZnfDD23PiBFLbin,05/21/2020 01:30:38,05/21/2020 01:30:38
126688877,615848528,nps,8,,https://app.delighted.com/r/jpiQfvABjdZ0jXmeuHHFB6WQQCblDB2Q,05/21/2020 05:27:46,05/21/2020 05:27:46
126691827,618813284,nps,10,,https://app.delighted.com/r/NAxzbnB6ox2GpWEx0KK9GYkIJLUw3iXS,05/21/2020 06:29:33,05/21/2020 06:29:33
126693501,619293657,nps,0,,https://app.delighted.com/r/PiqLc52DJoJYzcEX19bdOZATUsrPHYhg,05/21/2020 06:57:41,05/21/2020 06:58:20
126703378,618483283,nps,10,easy,https://app.delighted.com/r/rXiKYZwN6kw3K2yQ2jKjvJm3O6e5xwk1,05/21/2020 08:43:12,05/21/2020 08:43:22
126708032,619350619,nps,10,Super easy process.,https://app.delighted.com/r/XBl0mziNZspwJg6ATklpee1IdjgDZQpg,05/21/2020 09:20:40,05/21/2020 09:20:52
126715003,618604915,nps,9,,https://app.delighted.com/r/ODOVSDuocP58bJ7zhJFZ2Jr9zccHK7tI,05/21/2020 10:10:33,05/21/2020 10:10:33
126715240,619387933,nps,10,,https://app.delighted.com/r/aFmoYUGSgsrTcfSC34CQDUmzJoLSJSy3,05/21/2020 10:12:13,05/21/2020 10:12:13
126715922,617756518,nps,10,It's free and resourceful. ,https://app.delighted.com/r/bwJoZwFAJ7nCZT7Z3H949Rzvf2oSg5z0,05/21/2020 10:16:49,05/21/2020 10:17:17
126722869,618688046,nps,10,,https://app.delighted.com/r/gcBQLB3PHwrQVdAebXMu4rSlkJaLCopi,05/21/2020 11:03:40,05/21/2020 11:03:40
